{"cameraMode":{"drawMode":0,"name":"Shaded","section":"Shading Mode"},"sceneLighting":false,"audioPlay":false,"sceneViewState":{"showFog":true,"showMaterialUpdate":false,"showSkybox":true,"showFlares":true,"showImageEffects":true,"showParticleSystems":true},"in2DMode":false,"pivot":{"x":-0.003191232681274414,"y":1.7574284076690674,"z":-0.0015853643417358399},"rotation":{"x":-0.14198024570941926,"y":-0.06906082481145859,"z":0.009930566884577275,"w":-0.9874075651168823},"size":3.060318946838379,"orthographic":false}